"country","state","city","year","long","lat","species_botanical_name","species_common_name","dbh"
"usa","georgia","atlanta","2015",-84.38923141,33.75596866,"zelkova serrata","japanese zelkova",20.32
"usa","georgia","atlanta","2015",-84.38927763,33.75601518,"zelkova serrata","japanese zelkova",17.78
"usa","georgia","atlanta","2015",-84.38959616,33.75628416,"zelkova serrata","japanese zelkova",25.4
"usa","georgia","atlanta","2015",-84.38954993,33.75623359,"zelkova serrata","japanese zelkova",25.4
"usa","georgia","atlanta","2015",-84.38910529,33.75693256,"zelkova serrata","japanese zelkova",25.4
"usa","georgia","atlanta","2015",-84.3895744,33.75724787,"zelkova serrata","japanese zelkova",55.88
"usa","georgia","atlanta","2015",-84.3896764,33.76091863,"acer rubrum","red maple",12.7
"usa","georgia","atlanta","2015",-84.38960374,33.76091733,"acer rubrum","red maple",12.7
"usa","georgia","atlanta","2015",-84.38957176,33.76091593,"acer rubrum","red maple",12.7
"usa","georgia","atlanta","2015",-84.38949651,33.76091681,"acer rubrum","red maple",12.7
"usa","georgia","atlanta","2015",-84.38949166,33.75714872,"acer campestre","hedge maple",15.24
"usa","georgia","atlanta","2015",-84.38918769,33.7568858,"zelkova serrata","japanese zelkova",53.34
"usa","georgia","atlanta","2015",-84.38973257,33.75648758,"zelkova serrata","japanese zelkova",27.94
"usa","georgia","atlanta","2015",-84.38976664,33.75651795,"zelkova serrata","japanese zelkova",22.86
"usa","georgia","atlanta","2015",-84.39018237,33.75683942,"zelkova serrata","japanese zelkova",30.48
"usa","georgia","atlanta","2015",-84.39014589,33.75680503,"zelkova serrata","japanese zelkova",30.48
"usa","georgia","atlanta","2015",-84.39071824,33.76092056,"acer buergerianum","trident maple",22.86
"usa","georgia","atlanta","2015",-84.39040584,33.76090643,"quercus phellos","willow oak",10.16
"usa","georgia","atlanta","2015",-84.39033885,33.76090655,"quercus phellos","willow oak",12.7
"usa","georgia","atlanta","2015",-84.39024814,33.76090743,"quercus phellos","willow oak",10.16
"usa","georgia","atlanta","2015",-84.39014387,33.76090762,"quercus phellos","willow oak",10.16
"usa","georgia","atlanta","2015",-84.38976893,33.76092137,"acer rubrum","red maple",12.7
"usa","georgia","atlanta","2015",-84.38971443,33.7609193,"acer rubrum","red maple",12.7
"usa","georgia","atlanta","2015",-84.38970774,33.75720509,"pyrus calleryana","callery pear",27.94
"usa","georgia","atlanta","2015",-84.38965687,33.75724165,"pyrus calleryana","callery pear",43.18
"usa","georgia","atlanta","2015",-84.39011968,33.75700166,"magnolia soulangeana","saucer magnolia",10.16
"usa","georgia","atlanta","2015",-84.39015843,33.75697323,"magnolia soulangeana","saucer magnolia",10.16
"usa","georgia","atlanta","2015",-84.39029654,33.7568919,"ulmus parvifolia","chinese elm",5.08
"usa","georgia","atlanta","2015",-84.3907179,33.75657905,"zelkova serrata","japanese zelkova",17.78
"usa","georgia","atlanta","2015",-84.39062676,33.75726105,"ulmus parvifolia","chinese elm",7.62
"usa","georgia","atlanta","2015",-84.39023953,33.75697261,"zelkova serrata","japanese zelkova",30.48
"usa","georgia","atlanta","2015",-84.38999348,33.75779385,"zelkova serrata","japanese zelkova",30.48
"usa","georgia","atlanta","2015",-84.38913954,33.76061564,"ulmus alata","winged elm",10.16
"usa","georgia","atlanta","2015",-84.37656284,33.76769357,"magnolia virginiana","sweetbay",2.54
"usa","georgia","atlanta","2015",-84.4004971,33.75056319,"pyrus calleryana","callery pear",35.56
"usa","georgia","atlanta","2015",-84.40046104,33.75060195,"pyrus calleryana","callery pear",33.02
"usa","georgia","atlanta","2015",-84.38191819,33.75592639,"ilex opaca","american holly",30.48
"usa","georgia","atlanta","2015",-84.38195288,33.7559291,"ilex opaca","american holly",30.48
"usa","georgia","atlanta","2015",-84.38197766,33.75593318,"ilex opaca","american holly",27.94
"usa","georgia","atlanta","2015",-84.38852331,33.75482471,"ilex opaca","american holly",27.94
"usa","georgia","atlanta","2015",-84.38835105,33.75510817,"ilex opaca","american holly",27.94
"usa","georgia","atlanta","2015",-84.38945761,33.76091614,"acer rubrum","red maple",10.16
"usa","georgia","atlanta","2015",-84.38938282,33.7609152,"acer rubrum","red maple",10.16
"usa","georgia","atlanta","2015",-84.38934649,33.76091381,"acer rubrum","red maple",12.7
"usa","georgia","atlanta","2015",-84.39242949,33.7470342,"quercus phellos","willow oak",43.18
"usa","georgia","atlanta","2015",-84.39251738,33.74702945,"quercus phellos","willow oak",43.18
"usa","georgia","atlanta","2015",-84.39258986,33.74706666,"quercus phellos","willow oak",55.88
"usa","georgia","atlanta","2015",-84.39255707,33.7471085,"quercus phellos","willow oak",33.02
"usa","georgia","atlanta","2015",-84.39251106,33.74712727,"quercus phellos","willow oak",35.56
"usa","georgia","atlanta","2015",-84.39244656,33.74711969,"quercus phellos","willow oak",27.94
"usa","georgia","atlanta","2015",-84.39181129,33.76430342,"ilex cornuta","chinese holly",5.08
"usa","georgia","atlanta","2015",-84.38775891,33.75977081,"ginkgo biloba","maidenhair tree",17.78
"usa","georgia","atlanta","2015",-84.38781674,33.75976513,"ginkgo biloba","maidenhair tree",22.86
"usa","georgia","atlanta","2015",-84.3878813,33.75976875,"ginkgo biloba","maidenhair tree",27.94
"usa","georgia","atlanta","2015",-84.39238864,33.7471132,"quercus phellos","willow oak",45.72
"usa","georgia","atlanta","2015",-84.39240057,33.74714836,"quercus phellos","willow oak",45.72
"usa","georgia","atlanta","2015",-84.39242043,33.74719449,"quercus phellos","willow oak",33.02
"usa","georgia","atlanta","2015",-84.38828696,33.7597509,"ginkgo biloba","maidenhair tree",22.86
"usa","georgia","atlanta","2015",-84.38865102,33.75974654,"ginkgo biloba","maidenhair tree",22.86
"usa","georgia","atlanta","2015",-84.38870083,33.7597301,"ginkgo biloba","maidenhair tree",17.78
"usa","georgia","atlanta","2015",-84.38914204,33.7605513,"acer rubrum","red maple",7.62
"usa","georgia","atlanta","2015",-84.38914079,33.76049892,"ulmus americana","american elm",7.62
"usa","georgia","atlanta","2015",-84.38918724,33.76009979,"acer rubrum","red maple",10.16
"usa","georgia","atlanta","2015",-84.38918868,33.76004799,"acer rubrum","red maple",10.16
"usa","georgia","atlanta","2015",-84.38918853,33.75998953,"acer rubrum","red maple",10.16
"usa","georgia","atlanta","2015",-84.38918678,33.75992314,"acer rubrum","red maple",10.16
"usa","georgia","atlanta","2015",-84.38918662,33.75985938,"acer rubrum","red maple",10.16
"usa","georgia","atlanta","2015",-84.38924302,33.75975949,"quercus phellos","willow oak",27.94
"usa","georgia","atlanta","2015",-84.38935658,33.75977885,"quercus phellos","willow oak",27.94
"usa","georgia","atlanta","2015",-84.38946831,33.75977263,"quercus phellos","willow oak",30.48
"usa","georgia","atlanta","2015",-84.38960348,33.7597739,"quercus phellos","willow oak",33.02
"usa","georgia","atlanta","2015",-84.3899852,33.7597886,"quercus phellos","willow oak",27.94
"usa","georgia","atlanta","2015",-84.3901098,33.75978928,"quercus phellos","willow oak",38.1
"usa","georgia","atlanta","2015",-84.39024547,33.75979181,"quercus phellos","willow oak",38.1
"usa","georgia","atlanta","2015",-84.39035684,33.75978699,"quercus phellos","willow oak",45.72
"usa","georgia","atlanta","2015",-84.39047733,33.7599031,"acer rubrum","red maple",10.16
"usa","georgia","atlanta","2015",-84.39047857,33.76006181,"acer rubrum","red maple",12.7
"usa","georgia","atlanta","2015",-84.3904819,33.76016555,"acer rubrum","red maple",10.16
"usa","georgia","atlanta","2015",-84.39047828,33.76025383,"acer rubrum","red maple",10.16
"usa","georgia","atlanta","2015",-84.39047742,33.76034197,"acer rubrum","red maple",10.16
"usa","georgia","atlanta","2015",-84.39047619,33.76047568,"acer rubrum","red maple",12.7
"usa","georgia","atlanta","2015",-84.39047917,33.76060874,"acer rubrum","red maple",10.16
"usa","georgia","atlanta","2015",-84.39047862,33.76074107,"acer rubrum","red maple",10.16
"usa","georgia","atlanta","2015",-84.39047796,33.7608145,"acer rubrum","red maple",10.16
"usa","georgia","atlanta","2015",-84.39064236,33.76076768,"zelkova serrata","japanese zelkova",7.62
"usa","georgia","atlanta","2015",-84.39064251,33.76082731,"zelkova serrata","japanese zelkova",27.94
"usa","georgia","atlanta","2015",-84.39064172,33.76052265,"zelkova serrata","japanese zelkova",17.78
"usa","georgia","atlanta","2015",-84.39064363,33.76024559,"pyrus calleryana","callery pear",10.16
"usa","georgia","atlanta","2015",-84.39064459,33.76028703,"pyrus calleryana","callery pear",38.1
"usa","georgia","atlanta","2015",-84.39064353,33.76020635,"pyrus calleryana","callery pear",43.18
"usa","georgia","atlanta","2015",-84.39064042,33.76069279,"zelkova serrata","japanese zelkova",27.94
"usa","georgia","atlanta","2015",-84.39064322,33.76042885,"zelkova serrata","japanese zelkova",22.86
"usa","georgia","atlanta","2015",-84.3908465,33.75979806,"quercus phellos","willow oak",45.72
"usa","georgia","atlanta","2015",-84.39088884,33.75979504,"quercus phellos","willow oak",22.86
"usa","georgia","atlanta","2015",-84.39093658,33.75979382,"quercus phellos","willow oak",38.1
"usa","georgia","atlanta","2015",-84.39098195,33.75979176,"quercus phellos","willow oak",22.86
"usa","georgia","atlanta","2015",-84.39102633,33.75979001,"quercus phellos","willow oak",27.94
"usa","georgia","atlanta","2015",-84.39064338,33.76014817,"pyrus calleryana","callery pear",45.72
"usa","georgia","atlanta","2015",-84.39248756,33.74719767,"quercus phellos","willow oak",35.56
"usa","georgia","atlanta","2015",-84.39252563,33.74716352,"quercus phellos","willow oak",35.56
"usa","georgia","atlanta","2015",-84.39245607,33.7472329,"quercus phellos","willow oak",35.56
"usa","georgia","atlanta","2015",-84.39229288,33.74721671,"ulmus alata","winged elm",35.56
"usa","georgia","atlanta","2015",-84.39221693,33.74755969,"quercus phellos","willow oak",25.4
"usa","georgia","atlanta","2015",-84.39107944,33.75978092,"quercus phellos","willow oak",22.86
"usa","georgia","atlanta","2015",-84.39114802,33.75978305,"quercus phellos","willow oak",50.8
"usa","georgia","atlanta","2015",-84.39123278,33.7597829,"quercus phellos","willow oak",30.48
"usa","georgia","atlanta","2015",-84.39145674,33.75979203,"quercus phellos","willow oak",45.72
"usa","georgia","atlanta","2015",-84.39150379,33.75978859,"quercus phellos","willow oak",43.18
"usa","georgia","atlanta","2015",-84.39159927,33.75978616,"quercus phellos","willow oak",27.94
"usa","georgia","atlanta","2015",-84.39166922,33.75978603,"quercus phellos","willow oak",45.72
"usa","georgia","atlanta","2015",-84.39173108,33.75978705,"quercus phellos","willow oak",40.64
"usa","georgia","atlanta","2015",-84.39179162,33.75978468,"quercus phellos","willow oak",35.56
"usa","georgia","atlanta","2015",-84.39185212,33.75978457,"quercus phellos","willow oak",43.18
"usa","georgia","atlanta","2015",-84.39191267,33.75978559,"quercus phellos","willow oak",48.26
"usa","georgia","atlanta","2015",-84.39197781,33.75994718,"acer saccharum","sugar maple",27.94
"usa","georgia","atlanta","2015",-84.39197035,33.7601388,"acer saccharum","sugar maple",25.4
"usa","georgia","atlanta","2015",-84.39197208,33.76018337,"acer saccharum","sugar maple",17.78
"usa","georgia","atlanta","2015",-84.39196783,33.7603843,"acer saccharum","sugar maple",22.86
"usa","georgia","atlanta","2015",-84.39196643,33.7604648,"acer saccharum","sugar maple",17.78
"usa","georgia","atlanta","2015",-84.39195869,33.76054798,"acer saccharum","sugar maple",15.24
"usa","georgia","atlanta","2015",-84.3919597,33.76063446,"acer rubrum","red maple",15.24
"usa","georgia","atlanta","2015",-84.39195481,33.7607366,"acer rubrum","red maple",22.86
"usa","georgia","atlanta","2015",-84.39195107,33.76082908,"acer rubrum","red maple",15.24
"usa","georgia","atlanta","2015",-84.39108569,33.76091385,"acer buergerianum","trident maple",15.24
"usa","georgia","atlanta","2015",-84.39098959,33.76091738,"acer buergerianum","trident maple",12.7
"usa","georgia","atlanta","2015",-84.39088946,33.76091621,"acer buergerianum","trident maple",12.7
"usa","georgia","atlanta","2015",-84.39079575,33.76091707,"acer buergerianum","trident maple",17.78
"usa","georgia","atlanta","2015",-84.38942019,33.76105103,"acer rubrum","red maple",12.7
"usa","georgia","atlanta","2015",-84.38946803,33.76105018,"acer rubrum","red maple",12.7
"usa","georgia","atlanta","2015",-84.38859487,33.76769267,"magnolia grandiflora","southern magnolia",30.48
"usa","georgia","atlanta","2015",-84.38951304,33.7610501,"acer rubrum","red maple",12.7
"usa","georgia","atlanta","2015",-84.38955806,33.76105158,"acer rubrum","red maple",12.7
"usa","georgia","atlanta","2015",-84.38960214,33.76104994,"acer rubrum","red maple",12.7
"usa","georgia","atlanta","2015",-84.3897053,33.76104975,"acer rubrum","red maple",12.7
"usa","georgia","atlanta","2015",-84.38975594,33.761052,"acer rubrum","red maple",12.7
"usa","georgia","atlanta","2015",-84.38999555,33.76105431,"acer rubrum","red maple",15.24
"usa","georgia","atlanta","2015",-84.38810795,33.76729639,"magnolia grandiflora","southern magnolia",30.48
"usa","georgia","atlanta","2015",-84.3900406,33.76105423,"acer rubrum","red maple",12.7
"usa","georgia","atlanta","2015",-84.39010436,33.76105334,"acer rubrum","red maple",12.7
"usa","georgia","atlanta","2015",-84.39017376,33.76105399,"acer rubrum","red maple",12.7
"usa","georgia","atlanta","2015",-84.39022344,33.76105313,"acer rubrum","red maple",12.7
"usa","georgia","atlanta","2015",-84.39027037,33.76105461,"acer rubrum","red maple",15.24
"usa","georgia","atlanta","2015",-84.39030975,33.76105217,"acer rubrum","red maple",15.24
"usa","georgia","atlanta","2015",-84.38905029,33.7686083,"pyrus calleryana","callery pear",48.26
"usa","georgia","atlanta","2015",-84.39037069,33.7610552,"acer rubrum","red maple",15.24
"usa","georgia","atlanta","2015",-84.3904722,33.76112944,"ulmus alata","winged elm",15.24
"usa","georgia","atlanta","2015",-84.39047228,33.7611598,"ulmus alata","winged elm",10.16
"usa","georgia","atlanta","2015",-84.39063459,33.76209608,"ulmus alata","winged elm",20.32
"usa","georgia","atlanta","2015",-84.3906323,33.76206138,"ulmus alata","winged elm",15.24
"usa","georgia","atlanta","2015",-84.39063801,33.76112015,"ulmus alata","winged elm",20.32
"usa","georgia","atlanta","2015",-84.39209559,33.74772192,"quercus phellos","willow oak",30.48
"usa","georgia","atlanta","2015",-84.39201714,33.7478157,"quercus phellos","willow oak",10.16
"usa","georgia","atlanta","2015",-84.39189476,33.74797829,"quercus phellos","willow oak",35.56
"usa","georgia","atlanta","2015",-84.39180921,33.74808799,"quercus phellos","willow oak",35.56
"usa","georgia","atlanta","2015",-84.39172836,33.74818177,"quercus phellos","willow oak",30.48
"usa","georgia","atlanta","2015",-84.39165473,33.74829346,"quercus phellos","willow oak",27.94
"usa","georgia","atlanta","2015",-84.39063642,33.76109226,"ulmus alata","winged elm",22.86
"usa","georgia","atlanta","2015",-84.39063636,33.7610681,"ulmus spp.","elm spp.",7.62
"usa","georgia","atlanta","2015",-84.39074836,33.7610555,"quercus phellos","willow oak",33.02
"usa","georgia","atlanta","2015",-84.39079064,33.76105419,"quercus phellos","willow oak",33.02
"usa","georgia","atlanta","2015",-84.39083516,33.76105534,"quercus phellos","willow oak",33.02
"usa","georgia","atlanta","2015",-84.39089969,33.76105462,"quercus phellos","willow oak",27.94
"usa","georgia","atlanta","2015",-84.39155722,33.74839524,"quercus phellos","willow oak",33.02
"usa","georgia","atlanta","2015",-84.39180745,33.74830937,"quercus phellos","willow oak",17.78
"usa","georgia","atlanta","2015",-84.39194193,33.748139,"quercus phellos","willow oak",15.24
"usa","georgia","atlanta","2015",-84.38556797,33.76581352,"ilex attenuata-fosteri","foster holly",10.16
"usa","georgia","atlanta","2015",-84.38557043,33.76576132,"ilex attenuata-fosteri","foster holly",7.62
"usa","georgia","atlanta","2015",-84.39199269,33.7480751,"quercus phellos","willow oak",17.78
"usa","georgia","atlanta","2015",-84.39095904,33.76105328,"quercus phellos","willow oak",30.48
"usa","georgia","atlanta","2015",-84.39103101,33.76105438,"quercus phellos","willow oak",33.02
"usa","georgia","atlanta","2015",-84.39160745,33.76105394,"quercus phellos","willow oak",33.02
"usa","georgia","atlanta","2015",-84.39164157,33.76105327,"quercus phellos","willow oak",33.02
"usa","georgia","atlanta","2015",-84.39170537,33.76105252,"quercus phellos","willow oak",27.94
"usa","georgia","atlanta","2015",-84.39174172,33.76105246,"quercus phellos","willow oak",30.48
"usa","georgia","atlanta","2015",-84.39217177,33.74784078,"quercus phellos","willow oak",17.78
"usa","georgia","atlanta","2015",-84.39219968,33.74780671,"quercus phellos","willow oak",17.78
"usa","georgia","atlanta","2015",-84.39179068,33.76105113,"quercus phellos","willow oak",25.4
"usa","georgia","atlanta","2015",-84.38910072,33.76210523,"ulmus americana","american elm",12.7
"usa","georgia","atlanta","2015",-84.38910151,33.76206854,"ulmus americana","american elm",10.16
"usa","georgia","atlanta","2015",-84.38910273,33.76202927,"ulmus alata","winged elm",25.4
"usa","georgia","atlanta","2015",-84.38910262,33.7619889,"ulmus alata","winged elm",22.86
"usa","georgia","atlanta","2015",-84.38911934,33.76131654,"ulmus alata","winged elm",20.32
"usa","georgia","atlanta","2015",-84.38912013,33.76127839,"ulmus alata","winged elm",15.24
"usa","georgia","atlanta","2015",-84.38912088,33.76123727,"ulmus alata","winged elm",12.7
"usa","georgia","atlanta","2015",-84.38912077,33.7611947,"ulmus alata","winged elm",15.24
"usa","georgia","atlanta","2015",-84.39181132,33.76221242,"quercus phellos","willow oak",15.24
"usa","georgia","atlanta","2015",-84.39196727,33.76115098,"zelkova serrata","japanese zelkova",30.48
"usa","georgia","atlanta","2015",-84.39194483,33.76212948,"zelkova serrata","japanese zelkova",27.94
"usa","georgia","atlanta","2015",-84.39174801,33.76221254,"quercus phellos","willow oak",22.86
"usa","georgia","atlanta","2015",-84.39168266,33.7622118,"quercus phellos","willow oak",20.32
"usa","georgia","atlanta","2015",-84.39161017,33.76220853,"quercus phellos","willow oak",20.32
"usa","georgia","atlanta","2015",-84.39154077,33.76220865,"quercus phellos","willow oak",20.32
"usa","georgia","atlanta","2015",-84.39146726,33.76220538,"quercus phellos","willow oak",22.86
"usa","georgia","atlanta","2015",-84.39107981,33.76220738,"quercus phellos","willow oak",22.86
"usa","georgia","atlanta","2015",-84.39102788,33.76220445,"quercus phellos","willow oak",22.86
"usa","georgia","atlanta","2015",-84.39097349,33.76220271,"quercus phellos","willow oak",22.86
"usa","georgia","atlanta","2015",-84.39092048,33.76220258,"quercus phellos","willow oak",25.4
"usa","georgia","atlanta","2015",-84.39086994,33.76220221,"quercus phellos","willow oak",15.24
"usa","georgia","atlanta","2015",-84.39082051,33.76219955,"quercus phellos","willow oak",25.4
"usa","georgia","atlanta","2015",-84.39028627,33.76219983,"ulmus parvifolia","chinese elm",17.78
"usa","georgia","atlanta","2015",-84.39019177,33.76220094,"ulmus parvifolia","chinese elm",15.24
"usa","georgia","atlanta","2015",-84.39014564,33.76220102,"ulmus parvifolia","chinese elm",15.24
"usa","georgia","atlanta","2015",-84.39009178,33.76220018,"ulmus parvifolia","chinese elm",15.24
"usa","georgia","atlanta","2015",-84.39003686,33.76219937,"ulmus parvifolia","chinese elm",15.24
"usa","georgia","atlanta","2015",-84.38997753,33.76219948,"ulmus parvifolia","chinese elm",15.24
"usa","georgia","atlanta","2015",-84.38992041,33.76220049,"ulmus parvifolia","chinese elm",15.24
"usa","georgia","atlanta","2015",-84.38964243,33.76219825,"ulmus parvifolia","chinese elm",17.78
"usa","georgia","atlanta","2015",-84.38958748,33.76219744,"ulmus parvifolia","chinese elm",17.78
"usa","georgia","atlanta","2015",-84.38953256,33.7621957,"ulmus parvifolia","chinese elm",17.78
"usa","georgia","atlanta","2015",-84.38947323,33.76219765,"ulmus parvifolia","chinese elm",15.24
"usa","georgia","atlanta","2015",-84.3894117,33.76219592,"ulmus parvifolia","chinese elm",15.24
"usa","georgia","atlanta","2015",-84.38935894,33.76218958,"ulmus parvifolia","chinese elm",15.24
"usa","georgia","atlanta","2015",-84.38931062,33.762197,"ulmus parvifolia","chinese elm",15.24
"usa","georgia","atlanta","2015",-84.38925237,33.76219527,"ulmus parvifolia","chinese elm",22.86
"usa","georgia","atlanta","2015",-84.38885395,33.76232757,"magnolia grandiflora","southern magnolia",25.4
"usa","georgia","atlanta","2015",-84.3895258,33.76233268,"acer saccharum","sugar maple",25.4
"usa","georgia","atlanta","2015",-84.38961886,33.76233416,"acer saccharum","sugar maple",22.86
"usa","georgia","atlanta","2015",-84.38970402,33.76233483,"acer saccharum","sugar maple",25.4
"usa","georgia","atlanta","2015",-84.38995104,33.76233727,"acer saccharum","sugar maple",25.4
"usa","georgia","atlanta","2015",-84.39005301,33.76233626,"acer saccharum","sugar maple",20.32
"usa","georgia","atlanta","2015",-84.39013221,33.76233694,"acer saccharum","sugar maple",20.32
"usa","georgia","atlanta","2015",-84.38763524,33.76763676,"quercus phellos","willow oak",30.48
"usa","georgia","atlanta","2015",-84.39032826,33.76233827,"platanus occidentalis","sycamore",43.18
"usa","georgia","atlanta","2015",-84.3904628,33.76273113,"pyrus calleryana","callery pear",35.56
"usa","georgia","atlanta","2015",-84.39046014,33.76278148,"pyrus calleryana","callery pear",33.02
"usa","georgia","atlanta","2015",-84.39046027,33.76283277,"pyrus calleryana","callery pear",33.02
"usa","georgia","atlanta","2015",-84.39045895,33.76293313,"pyrus calleryana","callery pear",33.02
"usa","georgia","atlanta","2015",-84.39045911,33.76299505,"pyrus calleryana","callery pear",38.1
"usa","georgia","atlanta","2015",-84.39045714,33.76305961,"pyrus calleryana","callery pear",40.64
"usa","georgia","atlanta","2015",-84.39045624,33.7631162,"pyrus calleryana","callery pear",15.24
"usa","georgia","atlanta","2015",-84.39045635,33.76316042,"pyrus calleryana","callery pear",45.72
"usa","georgia","atlanta","2015",-84.39061807,33.7631562,"pyrus calleryana","callery pear",30.48
"usa","georgia","atlanta","2015",-84.39061764,33.76310651,"pyrus calleryana","callery pear",30.48
"usa","georgia","atlanta","2015",-84.39225549,33.74773644,"quercus phellos","willow oak",7.62
"usa","georgia","atlanta","2015",-84.39229355,33.74768531,"quercus phellos","willow oak",15.24
"usa","georgia","atlanta","2015",-84.39234943,33.74762994,"quercus phellos","willow oak",17.78
"usa","georgia","atlanta","2015",-84.3926678,33.74767281,"ulmus parvifolia","chinese elm",17.78
"usa","georgia","atlanta","2015",-84.39274318,33.74771368,"ulmus parvifolia","chinese elm",17.78
"usa","georgia","atlanta","2015",-84.39280544,33.74774363,"ulmus parvifolia","chinese elm",15.24
"usa","georgia","atlanta","2015",-84.39304468,33.74786895,"ulmus parvifolia","chinese elm",15.24
"usa","georgia","atlanta","2015",-84.39313318,33.74792076,"ulmus parvifolia","chinese elm",17.78
"usa","georgia","atlanta","2015",-84.39324135,33.74798344,"ulmus parvifolia","chinese elm",15.24
"usa","georgia","atlanta","2015",-84.39332982,33.74803522,"ulmus parvifolia","chinese elm",15.24
"usa","georgia","atlanta","2015",-84.39342485,33.74807877,"ulmus parvifolia","chinese elm",22.86
"usa","georgia","atlanta","2015",-84.39347363,33.7479502,"ulmus parvifolia","chinese elm",12.7
"usa","georgia","atlanta","2015",-84.3876301,33.76760948,"malus spp.","apple spp.",30.48
"usa","georgia","atlanta","2015",-84.39061858,33.7629974,"pyrus calleryana","callery pear",40.64
"usa","georgia","atlanta","2015",-84.39062087,33.76293257,"pyrus calleryana","callery pear",10.16
"usa","georgia","atlanta","2015",-84.39062431,33.76283527,"pyrus calleryana","callery pear",35.56
"usa","georgia","atlanta","2015",-84.39062292,33.76277094,"pyrus calleryana","callery pear",33.02
"usa","georgia","atlanta","2015",-84.39062513,33.76267213,"pyrus calleryana","callery pear",48.26
"usa","georgia","atlanta","2015",-84.39119243,33.76234104,"acer rubrum","red maple",15.24
"usa","georgia","atlanta","2015",-84.39128663,33.76233999,"acer saccharinum","silver maple",12.7
"usa","georgia","atlanta","2015",-84.39137985,33.7623407,"acer rubrum","red maple",15.24
"usa","georgia","atlanta","2015",-84.39146382,33.76233967,"acer rubrum","red maple",15.24
"usa","georgia","atlanta","2015",-84.39156317,33.76234377,"acer saccharinum","silver maple",17.78
"usa","georgia","atlanta","2015",-84.39169682,33.76234138,"acer rubrum","red maple",20.32
"usa","georgia","atlanta","2015",-84.39178903,33.7623438,"acer rubrum","red maple",22.86
"usa","georgia","atlanta","2015",-84.3934015,33.74790658,"ulmus parvifolia","chinese elm",15.24
"usa","georgia","atlanta","2015",-84.39323765,33.74782487,"ulmus parvifolia","chinese elm",12.7
"usa","georgia","atlanta","2015",-84.39316883,33.74778946,"ulmus parvifolia","chinese elm",17.78
"usa","georgia","atlanta","2015",-84.39307379,33.74774042,"ulmus parvifolia","chinese elm",17.78
"usa","georgia","atlanta","2015",-84.39193882,33.76245043,"acer saccharum","sugar maple",12.7
"usa","georgia","atlanta","2015",-84.39193802,33.76253258,"acer saccharum","sugar maple",17.78
"usa","georgia","atlanta","2015",-84.39193517,33.7626147,"acer saccharum","sugar maple",17.78
"usa","georgia","atlanta","2015",-84.38823657,33.76394204,"pyrus calleryana","callery pear",48.26
"usa","georgia","atlanta","2015",-84.3881823,33.76393903,"pyrus calleryana","callery pear",48.26
"usa","georgia","atlanta","2015",-84.38812525,33.7639399,"pyrus calleryana","callery pear",50.8
"usa","georgia","atlanta","2015",-84.38805414,33.76393926,"pyrus calleryana","callery pear",55.88
"usa","georgia","atlanta","2015",-84.38785723,33.76405048,"quercus lyrata","overcup oak",17.78
"usa","georgia","atlanta","2015",-84.38800652,33.76405125,"quercus lyrata","overcup oak",17.78
"usa","georgia","atlanta","2015",-84.38813143,33.76405197,"quercus lyrata","overcup oak",17.78
"usa","georgia","atlanta","2015",-84.38823765,33.76405329,"quercus lyrata","overcup oak",17.78
"usa","georgia","atlanta","2015",-84.3887107,33.76405513,"quercus lyrata","overcup oak",20.32
"usa","georgia","atlanta","2015",-84.38879219,33.76405039,"quercus lyrata","overcup oak",20.32
"usa","georgia","atlanta","2015",-84.38890874,33.76413815,"quercus texana","nuttall oak oaks",15.24
"usa","georgia","atlanta","2015",-84.38890716,33.76424141,"quercus texana","nuttall oak oaks",15.24
"usa","georgia","atlanta","2015",-84.38890746,33.76435692,"quercus texana","nuttall oak oaks",15.24
"usa","georgia","atlanta","2015",-84.38890225,33.76446862,"quercus texana","nuttall oak oaks",15.24
"usa","georgia","atlanta","2015",-84.38962933,33.7640657,"zelkova serrata","japanese zelkova",22.86
"usa","georgia","atlanta","2015",-84.38935184,33.76406315,"zelkova serrata","japanese zelkova",27.94
"usa","georgia","atlanta","2015",-84.38944157,33.76406453,"zelkova serrata","japanese zelkova",20.32
"usa","georgia","atlanta","2015",-84.389524,33.76406589,"zelkova serrata","japanese zelkova",20.32
"usa","georgia","atlanta","2015",-84.39298859,33.7476941,"ulmus parvifolia","chinese elm",17.78
"usa","georgia","atlanta","2015",-84.39290334,33.74764231,"ulmus parvifolia","chinese elm",15.24
"usa","georgia","atlanta","2015",-84.39281814,33.74759325,"ulmus parvifolia","chinese elm",15.24
"usa","georgia","atlanta","2015",-84.39273289,33.74754146,"ulmus parvifolia","chinese elm",15.24
"usa","georgia","atlanta","2015",-84.39265754,33.74750879,"ulmus parvifolia","chinese elm",12.7
"usa","georgia","atlanta","2015",-84.39301244,33.74701702,"acer rubrum","red maple",10.16
"usa","georgia","atlanta","2015",-84.39310972,33.74701685,"acer rubrum","red maple",10.16
"usa","georgia","atlanta","2015",-84.39047534,33.76447707,"ulmus parvifolia","chinese elm",17.78
"usa","georgia","atlanta","2015",-84.39047468,33.76438767,"ulmus parvifolia","chinese elm",15.24
"usa","georgia","atlanta","2015",-84.39047778,33.76430417,"ulmus parvifolia","chinese elm",17.78
"usa","georgia","atlanta","2015",-84.3897319,33.76406706,"zelkova serrata","japanese zelkova",22.86
"usa","georgia","atlanta","2015",-84.38990502,33.76406979,"zelkova serrata","japanese zelkova",20.32
"usa","georgia","atlanta","2015",-84.39000944,33.76407419,"zelkova serrata","japanese zelkova",17.78
"usa","georgia","atlanta","2015",-84.39048006,33.76421653,"ulmus parvifolia","chinese elm",15.24
"usa","georgia","atlanta","2015",-84.39048312,33.76411495,"ulmus parvifolia","chinese elm",17.78
"usa","georgia","atlanta","2015",-84.39054468,33.76407655,"acer rubrum","red maple",15.24
"usa","georgia","atlanta","2015",-84.39193333,33.76270281,"acer saccharum","sugar maple",20.32
"usa","georgia","atlanta","2015",-84.39065461,33.76407426,"acer rubrum","red maple",17.78
"usa","georgia","atlanta","2015",-84.39073042,33.76407413,"acer rubrum","red maple",20.32
"usa","georgia","atlanta","2015",-84.39202323,33.76440002,"acer rubrum","red maple",12.7
"usa","georgia","atlanta","2015",-84.39202608,33.76432023,"acer rubrum","red maple",12.7
"usa","georgia","atlanta","2015",-84.39203067,33.76425119,"acer rubrum","red maple",15.24
"usa","georgia","atlanta","2015",-84.39088619,33.76407107,"acer rubrum","red maple",17.78
"usa","georgia","atlanta","2015",-84.39098029,33.76406949,"acer saccharinum","silver maple",22.86
"usa","georgia","atlanta","2015",-84.39112108,33.76406646,"acer rubrum","red maple",17.78
"usa","georgia","atlanta","2015",-84.39203832,33.76416975,"acer rubrum","red maple",15.24
"usa","georgia","atlanta","2015",-84.39206059,33.76390249,"acer rubrum","red maple",15.24
"usa","georgia","atlanta","2015",-84.39206599,33.76382946,"acer rubrum","red maple",10.16
"usa","georgia","atlanta","2015",-84.39207362,33.76375178,"acer rubrum","red maple",15.24
"usa","georgia","atlanta","2015",-84.39121355,33.76406629,"acer rubrum","red maple",20.32
"usa","georgia","atlanta","2015",-84.39204314,33.76408971,"acer rubrum","red maple",17.78
"usa","georgia","atlanta","2015",-84.39207904,33.76367221,"acer rubrum","red maple",15.24
"usa","georgia","atlanta","2015",-84.37366755,33.76763377,"pyrus calleryana","callery pear",50.8
"usa","georgia","atlanta","2015",-84.37360715,33.76762524,"pyrus calleryana","callery pear",50.8
"usa","georgia","atlanta","2015",-84.37348718,33.76761483,"pyrus calleryana","callery pear",35.56
"usa","georgia","atlanta","2015",-84.37343654,33.76769786,"zelkova serrata","japanese zelkova",45.72
"usa","georgia","atlanta","2015",-84.37351285,33.76770966,"zelkova serrata","japanese zelkova",53.34
"usa","georgia","atlanta","2015",-84.37398392,33.76771882,"gymnocladus dioicus","kentucky coffeetree",53.34
"usa","georgia","atlanta","2015",-84.37394435,33.76824185,"quercus nigra","water oak",53.34
"usa","georgia","atlanta","2015",-84.37395815,33.76823448,"quercus nigra","water oak",33.02
"usa","georgia","atlanta","2015",-84.37400699,33.76815355,"malus spp.","apple spp.",7.62
"usa","georgia","atlanta","2015",-84.37406461,33.76807471,"malus spp.","apple spp.",12.7
"usa","georgia","atlanta","2015",-84.3755132,33.7677111,"lagerstroemia indica","crape myrtle",10.16
"usa","georgia","atlanta","2015",-84.37558487,33.76771309,"lagerstroemia indica","crape myrtle",27.94
"usa","georgia","atlanta","2015",-84.37592928,33.76770097,"lagerstroemia indica","crape myrtle",7.62
"usa","georgia","atlanta","2015",-84.37600094,33.76769873,"lagerstroemia indica","crape myrtle",12.7
"usa","georgia","atlanta","2015",-84.37622469,33.76769206,"lagerstroemia indica","crape myrtle",25.4
"usa","georgia","atlanta","2015",-84.37630012,33.76769613,"lagerstroemia indica","crape myrtle",12.7
"usa","georgia","atlanta","2015",-84.37640445,33.76768859,"lagerstroemia indica","crape myrtle",17.78
"usa","georgia","atlanta","2015",-84.37701906,33.76712902,"quercus lyrata","overcup oak",30.48
"usa","georgia","atlanta","2015",-84.37721468,33.76718065,"quercus lyrata","overcup oak",35.56
"usa","georgia","atlanta","2015",-84.37739329,33.76723493,"quercus lyrata","overcup oak",35.56
"usa","georgia","atlanta","2015",-84.3777352,33.7674816,"pyrus calleryana","callery pear",55.88
"usa","georgia","atlanta","2015",-84.37773284,33.76753935,"pyrus calleryana","callery pear",43.18
"usa","georgia","atlanta","2015",-84.37773049,33.76759814,"pyrus calleryana","callery pear",45.72
"usa","georgia","atlanta","2015",-84.37772934,33.76765379,"pyrus calleryana","callery pear",45.72
"usa","georgia","atlanta","2015",-84.37772821,33.76770315,"pyrus calleryana","callery pear",48.26
"usa","georgia","atlanta","2015",-84.38767442,33.76755441,"quercus phellos","willow oak",40.64
"usa","georgia","atlanta","2015",-84.37772457,33.76774936,"pyrus calleryana","callery pear",35.56
"usa","georgia","atlanta","2015",-84.37772407,33.76789452,"malus spp.","apple spp.",25.4
"usa","georgia","atlanta","2015",-84.37772418,33.7679394,"malus spp.","apple spp.",20.32
"usa","georgia","atlanta","2015",-84.37771664,33.76842066,"zelkova serrata","japanese zelkova",12.7
"usa","georgia","atlanta","2015",-84.38864867,33.77112691,"zelkova serrata","japanese zelkova",35.56
"usa","georgia","atlanta","2015",-84.38793251,33.77112765,"zelkova serrata","japanese zelkova",27.94
"usa","georgia","atlanta","2015",-84.387823,33.77111806,"zelkova serrata","japanese zelkova",25.4
"usa","georgia","atlanta","2015",-84.38770965,33.77112478,"zelkova serrata","japanese zelkova",22.86
"usa","georgia","atlanta","2015",-84.37771103,33.76860079,"zelkova serrata","japanese zelkova",45.72
"usa","georgia","atlanta","2015",-84.38812915,33.76833546,"zelkova serrata","japanese zelkova",33.02
"usa","georgia","atlanta","2015",-84.38818701,33.76833706,"zelkova serrata","japanese zelkova",33.02
"usa","georgia","atlanta","2015",-84.38824792,33.76833696,"zelkova serrata","japanese zelkova",38.1
"usa","georgia","atlanta","2015",-84.37770701,33.76881441,"zelkova serrata","japanese zelkova",17.78
"usa","georgia","atlanta","2015",-84.37770339,33.76918854,"zelkova serrata","japanese zelkova",12.7
"usa","georgia","atlanta","2015",-84.37770053,33.76925871,"pyrus calleryana","callery pear",58.42
"usa","georgia","atlanta","2015",-84.37770063,33.76929724,"pyrus calleryana","callery pear",43.18
"usa","georgia","atlanta","2015",-84.37769997,33.76933896,"pyrus calleryana","callery pear",43.18
"usa","georgia","atlanta","2015",-84.3877069,33.76749229,"quercus phellos","willow oak",40.64
"usa","georgia","atlanta","2015",-84.38831092,33.76833341,"zelkova serrata","japanese zelkova",38.1
"usa","georgia","atlanta","2015",-84.37770498,33.7689111,"zelkova serrata","japanese zelkova",22.86
"usa","georgia","atlanta","2015",-84.37769932,33.76938194,"pyrus calleryana","callery pear",55.88
"usa","georgia","atlanta","2015",-84.37769869,33.76943504,"pyrus calleryana","callery pear",45.72
"usa","georgia","atlanta","2015",-84.37769672,33.76955764,"pyrus calleryana","callery pear",60.96
"usa","georgia","atlanta","2015",-84.37769836,33.76960628,"pyrus calleryana","callery pear",43.18
"usa","georgia","atlanta","2015",-84.37769849,33.76966001,"pyrus calleryana","callery pear",45.72
"usa","georgia","atlanta","2015",-84.37769562,33.76972385,"pyrus calleryana","callery pear",55.88
"usa","georgia","atlanta","2015",-84.3775008,33.76988155,"taxodium distichum","baldcypress",55.88
"usa","georgia","atlanta","2015",-84.37737516,33.7698824,"taxodium distichum","baldcypress",53.34
"usa","georgia","atlanta","2015",-84.37727679,33.76987751,"taxodium distichum","baldcypress",38.1
"usa","georgia","atlanta","2015",-84.37716704,33.76987643,"taxodium distichum","baldcypress",50.8
"usa","georgia","atlanta","2015",-84.37693248,33.7698762,"taxodium distichum","baldcypress",43.18
"usa","georgia","atlanta","2015",-84.37682425,33.76987765,"taxodium distichum","baldcypress",48.26
"usa","georgia","atlanta","2015",-84.37671844,33.76987404,"taxodium distichum","baldcypress",33.02
"usa","georgia","atlanta","2015",-84.3765946,33.76987109,"ulmus parvifolia","chinese elm",17.78
"usa","georgia","atlanta","2015",-84.37650927,33.7698706,"ulmus parvifolia","chinese elm",17.78
"usa","georgia","atlanta","2015",-84.37643227,33.76987073,"ulmus parvifolia","chinese elm",17.78
"usa","georgia","atlanta","2015",-84.37625404,33.76986977,"platanus occidentalis","sycamore",38.1
"usa","georgia","atlanta","2015",-84.37619438,33.76986737,"taxodium distichum","baldcypress",12.7
"usa","georgia","atlanta","2015",-84.37613625,33.76986115,"ulmus parvifolia","chinese elm",12.7
"usa","georgia","atlanta","2015",-84.37602599,33.76986766,"ulmus parvifolia","chinese elm",30.48
"usa","georgia","atlanta","2015",-84.37320049,33.76983292,"cercis canadensis","eastern redbud",7.62
"usa","georgia","atlanta","2015",-84.37770293,33.76900399,"zelkova serrata","japanese zelkova",20.32
"usa","georgia","atlanta","2015",-84.3731615,33.76983447,"cercis canadensis","eastern redbud",7.62
"usa","georgia","atlanta","2015",-84.3731074,33.76983456,"cercis canadensis","eastern redbud",12.7
"usa","georgia","atlanta","2015",-84.3731041,33.76993826,"cercis canadensis","eastern redbud",12.7
"usa","georgia","atlanta","2015",-84.37313957,33.76994043,"cercis canadensis","eastern redbud",12.7
"usa","georgia","atlanta","2015",-84.37319189,33.76993886,"cercis canadensis","eastern redbud",10.16
"usa","georgia","atlanta","2015",-84.38764051,33.76749571,"quercus phellos","willow oak",20.32
"usa","georgia","atlanta","2015",-84.37337368,33.76994004,"platanus occidentalis","sycamore",48.26
"usa","georgia","atlanta","2015",-84.3734393,33.76994212,"platanus occidentalis","sycamore",48.26
"usa","georgia","atlanta","2015",-84.37421969,33.76995194,"koelreuteria paniculata","golden rain tree",7.62
"usa","georgia","atlanta","2015",-84.37426579,33.76995112,"koelreuteria paniculata","golden rain tree",7.62
"usa","georgia","atlanta","2015",-84.37431455,33.76994733,"koelreuteria paniculata","golden rain tree",10.16
"usa","georgia","atlanta","2015",-84.38836879,33.76833847,"zelkova serrata","japanese zelkova",27.94
"usa","georgia","atlanta","2015",-84.38842249,33.76833664,"zelkova serrata","japanese zelkova",27.94
"usa","georgia","atlanta","2015",-84.3744387,33.76994564,"koelreuteria paniculata","golden rain tree",7.62
"usa","georgia","atlanta","2015",-84.37447771,33.76995003,"koelreuteria paniculata","golden rain tree",7.62
"usa","georgia","atlanta","2015",-84.37472086,33.76995148,"koelreuteria paniculata","golden rain tree",7.62
"usa","georgia","atlanta","2015",-84.37481114,33.76995532,"koelreuteria paniculata","golden rain tree",7.62
"usa","georgia","atlanta","2015",-84.37493198,33.76995759,"koelreuteria paniculata","golden rain tree",7.62
"usa","georgia","atlanta","2015",-84.37498354,33.76995626,"koelreuteria paniculata","golden rain tree",25.4
"usa","georgia","atlanta","2015",-84.37504472,33.76995924,"koelreuteria paniculata","golden rain tree",7.62
"usa","georgia","atlanta","2015",-84.37541385,33.76996353,"koelreuteria paniculata","golden rain tree",43.18
"usa","georgia","atlanta","2015",-84.37607257,33.76996734,"koelreuteria paniculata","golden rain tree",35.56
"usa","georgia","atlanta","2015",-84.37658647,33.7699746,"zelkova serrata","japanese zelkova",48.26
"usa","georgia","atlanta","2015",-84.38848446,33.76834173,"zelkova serrata","japanese zelkova",27.94
"usa","georgia","atlanta","2015",-84.38854438,33.76833989,"zelkova serrata","japanese zelkova",38.1
"usa","georgia","atlanta","2015",-84.3769214,33.76997499,"ulmus parvifolia","chinese elm",17.78
"usa","georgia","atlanta","2015",-84.37704102,33.76997668,"ulmus parvifolia","chinese elm",17.78
"usa","georgia","atlanta","2015",-84.37712646,33.76998036,"ulmus parvifolia","chinese elm",17.78
"usa","georgia","atlanta","2015",-84.37723812,33.76998492,"ulmus parvifolia","chinese elm",17.78
"usa","georgia","atlanta","2015",-84.37738619,33.76997991,"ulmus parvifolia","chinese elm",27.94
"usa","georgia","atlanta","2015",-84.37772255,33.76805158,"zelkova serrata","japanese zelkova",20.32
"usa","georgia","atlanta","2015",-84.37768679,33.77015111,"malus spp.","apple spp.",38.1
"usa","georgia","atlanta","2015",-84.37768357,33.77023389,"malus spp.","apple spp.",45.72
"usa","georgia","atlanta","2015",-84.37768265,33.77031478,"malus spp.","apple spp.",45.72
"usa","georgia","atlanta","2015",-84.37768282,33.77038516,"malus spp.","apple spp.",27.94
"usa","georgia","atlanta","2015",-84.37767998,33.77061923,"cercis canadensis","eastern redbud",17.78
"usa","georgia","atlanta","2015",-84.37768008,33.77066202,"cercis canadensis","eastern redbud",20.32
"usa","georgia","atlanta","2015",-84.37767563,33.77071152,"cercis canadensis","eastern redbud",17.78
"usa","georgia","atlanta","2015",-84.3772563,33.77113561,"acer buergerianum","trident maple",20.32
"usa","georgia","atlanta","2015",-84.37684821,33.77113347,"acer buergerianum","trident maple",17.78
"usa","georgia","atlanta","2015",-84.37648886,33.77098447,"quercus nigra","water oak",60.96
"usa","georgia","atlanta","2015",-84.37648756,33.77103356,"quercus nigra","water oak",63.5
"usa","georgia","atlanta","2015",-84.37639051,33.77112491,"acer buergerianum","trident maple",12.7
"usa","georgia","atlanta","2015",-84.37633105,33.77112674,"acer buergerianum","trident maple",12.7
"usa","georgia","atlanta","2015",-84.37615396,33.77112179,"lagerstroemia indica","crape myrtle",7.62
"usa","georgia","atlanta","2015",-84.37610357,33.77111896,"lagerstroemia indica","crape myrtle",7.62
"usa","georgia","atlanta","2015",-84.37605461,33.77111962,"lagerstroemia indica","crape myrtle",7.62
"usa","georgia","atlanta","2015",-84.3760035,33.77111913,"lagerstroemia indica","crape myrtle",7.62
"usa","georgia","atlanta","2015",-84.37389885,33.76984547,"carya illinoinensis","hardy pecan",25.4
"usa","georgia","atlanta","2015",-84.37584604,33.77112174,"magnolia virginiana","sweetbay",27.94
"usa","georgia","atlanta","2015",-84.37580266,33.77111596,"magnolia virginiana","sweetbay",27.94
"usa","georgia","atlanta","2015",-84.37574528,33.77112364,"magnolia virginiana","sweetbay",17.78
"usa","georgia","atlanta","2015",-84.37568999,33.77111906,"magnolia virginiana","sweetbay",12.7
"usa","georgia","atlanta","2015",-84.37556754,33.77111811,"celtis occidentalis","common hackberry",12.7
"usa","georgia","atlanta","2015",-84.37551854,33.77112053,"lagerstroemia indica","crape myrtle",7.62
"usa","georgia","atlanta","2015",-84.37547796,33.77111884,"lagerstroemia indica","crape myrtle",7.62
"usa","georgia","atlanta","2015",-84.37541076,33.77111604,"lagerstroemia indica","crape myrtle",7.62
"usa","georgia","atlanta","2015",-84.37519311,33.77111641,"lagerstroemia indica","crape myrtle",7.62
"usa","georgia","atlanta","2015",-84.37514065,33.77111765,"lagerstroemia indica","crape myrtle",7.62
"usa","georgia","atlanta","2015",-84.37508674,33.77111074,"lagerstroemia indica","crape myrtle",7.62
"usa","georgia","atlanta","2015",-84.3753597,33.77112022,"ailanthus altissima","ailanthus",27.94
"usa","georgia","atlanta","2015",-84.37504196,33.77111433,"lagerstroemia indica","crape myrtle",7.62
"usa","georgia","atlanta","2015",-84.37447405,33.77110729,"pyrus calleryana","callery pear",55.88
"usa","georgia","atlanta","2015",-84.37442327,33.77110432,"pyrus calleryana","callery pear",30.48
"usa","georgia","atlanta","2015",-84.37433619,33.77110373,"pyrus calleryana","callery pear",40.64
"usa","georgia","atlanta","2015",-84.37423776,33.77110351,"koelreuteria paniculata","golden rain tree",30.48
"usa","georgia","atlanta","2015",-84.37417155,33.77110362,"lagerstroemia indica","crape myrtle",7.62
"usa","georgia","atlanta","2015",-84.37406452,33.77109699,"magnolia virginiana","sweetbay",15.24
"usa","georgia","atlanta","2015",-84.37399919,33.7710933,"magnolia virginiana","sweetbay",15.24
"usa","georgia","atlanta","2015",-84.37394477,33.77109491,"lagerstroemia indica","crape myrtle",7.62
"usa","georgia","atlanta","2015",-84.37387401,33.77109428,"lagerstroemia indica","crape myrtle",7.62
"usa","georgia","atlanta","2015",-84.37381962,33.77109512,"lagerstroemia indica","crape myrtle",7.62
"usa","georgia","atlanta","2015",-84.37377335,33.77109445,"lagerstroemia indica","crape myrtle",7.62
"usa","georgia","atlanta","2015",-84.37371167,33.77109076,"lagerstroemia indica","crape myrtle",7.62
"usa","georgia","atlanta","2015",-84.37357472,33.77109704,"acer buergerianum","trident maple",10.16
"usa","georgia","atlanta","2015",-84.37353026,33.7710956,"acer buergerianum","trident maple",10.16
"usa","georgia","atlanta","2015",-84.37330259,33.77109068,"koelreuteria paniculata","golden rain tree",30.48
"usa","georgia","atlanta","2015",-84.37324908,33.77108926,"koelreuteria paniculata","golden rain tree",30.48
"usa","georgia","atlanta","2015",-84.3731883,33.77109013,"koelreuteria paniculata","golden rain tree",22.86
"usa","georgia","atlanta","2015",-84.37286382,33.77100091,"pyrus calleryana","callery pear",63.5
"usa","georgia","atlanta","2015",-84.37286733,33.7709577,"pyrus calleryana","callery pear",45.72
"usa","georgia","atlanta","2015",-84.37287974,33.77083272,"magnolia virginiana","sweetbay",12.7
"usa","georgia","atlanta","2015",-84.3728932,33.77076528,"magnolia virginiana","sweetbay",22.86
"usa","georgia","atlanta","2015",-84.37295281,33.77028869,"cornus florida","flowering dogwood",10.16
"usa","georgia","atlanta","2015",-84.3729831,33.77005004,"cornus florida","flowering dogwood",17.78
"usa","georgia","atlanta","2015",-84.37799762,33.74431932,"ailanthus altissima","ailanthus",30.48
"usa","georgia","atlanta","2015",-84.38523738,33.73514021,"ailanthus altissima","ailanthus",20.32
"usa","georgia","atlanta","2015",-84.37578957,33.75391413,"thuja occidentalis","northern white-cedar",10.16
"usa","georgia","atlanta","2015",-84.37292907,33.76933573,"acer buergerianum","trident maple",2.54
"usa","georgia","atlanta","2015",-84.37289511,33.76961022,"acer buergerianum","trident maple",2.54
"usa","georgia","atlanta","2015",-84.37288959,33.76968259,"lagerstroemia indica","crape myrtle",2.54
"usa","georgia","atlanta","2015",-84.40074253,33.75029614,"lagerstroemia indica","crape myrtle",2.54
"usa","georgia","atlanta","2015",-84.37577562,33.75391286,"thuja occidentalis","northern white-cedar",7.62
"usa","georgia","atlanta","2015",-84.37576164,33.75391417,"thuja occidentalis","northern white-cedar",7.62
"usa","georgia","atlanta","2015",-84.37574384,33.7539142,"thuja occidentalis","northern white-cedar",7.62
"usa","georgia","atlanta","2015",-84.37705553,33.7463503,"pinus taeda","loblolly pine",7.62
"usa","georgia","atlanta","2015",-84.37812026,33.74451839,"juniperus virginiana","eastern redcedar",10.16
"usa","georgia","atlanta","2015",-84.37814418,33.74452082,"juniperus virginiana","eastern redcedar",10.16
"usa","georgia","atlanta","2015",-84.37816918,33.74451888,"juniperus virginiana","eastern redcedar",10.16
"usa","georgia","atlanta","2015",-84.37818506,33.74451506,"juniperus virginiana","eastern redcedar",10.16
"usa","georgia","atlanta","2015",-84.37820553,33.74452071,"juniperus virginiana","eastern redcedar",10.16
"usa","georgia","atlanta","2015",-84.378226,33.7445245,"juniperus virginiana","eastern redcedar",10.16
"usa","georgia","atlanta","2015",-84.37823964,33.74451876,"juniperus virginiana","eastern redcedar",10.16
"usa","georgia","atlanta","2015",-84.39108195,33.74837898,"acer rubrum","red maple",40.64
"usa","georgia","atlanta","2015",-84.40394522,33.74106239,"magnolia grandiflora","southern magnolia",17.78
"usa","georgia","atlanta","2015",-84.37146306,33.74419325,"lagerstroemia indica","crape myrtle",2.54
"usa","georgia","atlanta","2015",-84.37525735,33.74560648,"lagerstroemia indica","crape myrtle",2.54
"usa","georgia","atlanta","2015",-84.37527441,33.74561593,"lagerstroemia indica","crape myrtle",2.54
"usa","georgia","atlanta","2015",-84.37529491,33.74561782,"lagerstroemia indica","crape myrtle",2.54
"usa","georgia","atlanta","2015",-84.37706164,33.74606532,"ulmus alata","winged elm",2.54
"usa","georgia","atlanta","2015",-84.37706365,33.74594373,"acer palmatum","japanese maple",2.54
"usa","georgia","atlanta","2015",-84.37652277,33.74521425,"cornus florida","flowering dogwood",2.54
"usa","georgia","atlanta","2015",-84.37089112,33.75086157,"juniperus silicicola","southern redcedar",2.54
"usa","georgia","atlanta","2015",-84.37086477,33.75079428,"juniperus silicicola","southern redcedar",2.54
"usa","georgia","atlanta","2015",-84.39264578,33.75252079,"lagerstroemia indica","crape myrtle",2.54
"usa","georgia","atlanta","2015",-84.37089993,33.7503052,"pinus taeda","loblolly pine",2.54
"usa","georgia","atlanta","2015",-84.37095238,33.7503371,"pinus taeda","loblolly pine",2.54
"usa","georgia","atlanta","2015",-84.37099881,33.75036902,"pinus taeda","loblolly pine",2.54
"usa","georgia","atlanta","2015",-84.3710392,33.75040597,"pinus taeda","loblolly pine",2.54
"usa","georgia","atlanta","2015",-84.39527873,33.73685175,"ulmus alata","winged elm",2.54
"usa","georgia","atlanta","2015",-84.37107553,33.75043622,"pinus taeda","loblolly pine",2.54
"usa","georgia","atlanta","2015",-84.37111601,33.75047007,"pinus taeda","loblolly pine",2.54
"usa","georgia","atlanta","2015",-84.37116647,33.75050533,"pinus taeda","loblolly pine",2.54
"usa","georgia","atlanta","2015",-84.37120285,33.75054399,"pinus taeda","loblolly pine",2.54
"usa","georgia","atlanta","2015",-84.37122508,33.75058435,"pinus taeda","loblolly pine",2.54
"usa","georgia","atlanta","2015",-84.39034995,33.74797404,"acer rubrum","red maple",40.64
"usa","georgia","atlanta","2015",-84.3904952,33.74805218,"acer rubrum","red maple",48.26
"usa","georgia","atlanta","2015",-84.39059491,33.74811139,"acer rubrum","red maple",17.78
"usa","georgia","atlanta","2015",-84.39066897,33.74815165,"acer rubrum","red maple",50.8
"usa","georgia","atlanta","2015",-84.39074586,33.74819191,"acer rubrum","red maple",50.8
"usa","georgia","atlanta","2015",-84.39113321,33.74840742,"acer rubrum","red maple",38.1
"usa","georgia","atlanta","2015",-84.39120441,33.74844529,"acer rubrum","red maple",22.86
"usa","georgia","atlanta","2015",-84.39127277,33.74848081,"acer rubrum","red maple",40.64
"usa","georgia","atlanta","2015",-84.3913753,33.74854002,"acer rubrum","red maple",22.86
"usa","georgia","atlanta","2015",-84.38146181,33.75393473,"lagerstroemia indica","crape myrtle",7.62
"usa","georgia","atlanta","2015",-84.37103815,33.75077992,"pinus taeda","loblolly pine",2.54
"usa","georgia","atlanta","2015",-84.37098484,33.75080112,"pinus taeda","loblolly pine",2.54
"usa","georgia","atlanta","2015",-84.37093427,33.75071873,"pinus taeda","loblolly pine",2.54
"usa","georgia","atlanta","2015",-84.38836683,33.75359699,"zelkova serrata","japanese zelkova",22.86
"usa","georgia","atlanta","2015",-84.38896248,33.7544542,"acer saccharum","sugar maple",27.94
"usa","georgia","atlanta","2015",-84.388673,33.75439876,"acer rubrum","red maple",17.78
"usa","georgia","atlanta","2015",-84.3887264,33.75433375,"acer rubrum","red maple",17.78
"usa","georgia","atlanta","2015",-84.38882255,33.75421049,"acer rubrum","red maple",17.78
"usa","georgia","atlanta","2015",-84.38894007,33.75406929,"acer rubrum","red maple",22.86
"usa","georgia","atlanta","2015",-84.38884875,33.75398665,"acer saccharinum","silver maple",30.48
"usa","georgia","atlanta","2015",-84.38908941,33.754544,"quercus phellos","willow oak",22.86
"usa","georgia","atlanta","2015",-84.38926593,33.75454368,"quercus phellos","willow oak",33.02
"usa","georgia","atlanta","2015",-84.38809324,33.75542116,"quercus phellos","willow oak",22.86
"usa","georgia","atlanta","2015",-84.38820767,33.75521349,"quercus phellos","willow oak",27.94
"usa","georgia","atlanta","2015",-84.38831394,33.75503326,"quercus phellos","willow oak",38.1
"usa","georgia","atlanta","2015",-84.38838338,33.75489941,"quercus phellos","willow oak",27.94
"usa","georgia","atlanta","2015",-84.38842732,33.75481787,"quercus phellos","willow oak",27.94
"usa","georgia","atlanta","2015",-84.38846612,33.7547458,"quercus phellos","willow oak",35.56
"usa","georgia","atlanta","2015",-84.38850497,33.75467884,"quercus phellos","willow oak",33.02
"usa","georgia","atlanta","2015",-84.38853562,33.75462222,"quercus phellos","willow oak",27.94
"usa","georgia","atlanta","2015",-84.3729857,33.77000837,"cornus florida","flowering dogwood",27.94
"usa","georgia","atlanta","2015",-84.37302395,33.76970001,"lagerstroemia indica","crape myrtle",15.24
"usa","georgia","atlanta","2015",-84.37303736,33.76960757,"lagerstroemia indica","crape myrtle",15.24
"usa","georgia","atlanta","2015",-84.37304627,33.76955151,"lagerstroemia indica","crape myrtle",15.24
"usa","georgia","atlanta","2015",-84.37305248,33.76949242,"lagerstroemia indica","crape myrtle",10.16
"usa","georgia","atlanta","2015",-84.39032843,33.76650886,"lagerstroemia indica","crape myrtle",5.08
"usa","georgia","atlanta","2015",-84.39032892,33.76652211,"lagerstroemia indica","crape myrtle",5.08
"usa","georgia","atlanta","2015",-84.39032849,33.76653387,"lagerstroemia indica","crape myrtle",10.16
"usa","georgia","atlanta","2015",-84.39031049,33.76654493,"lagerstroemia indica","crape myrtle",5.08
"usa","georgia","atlanta","2015",-84.39032852,33.76654415,"lagerstroemia indica","crape myrtle",7.62
"usa","georgia","atlanta","2015",-84.39034176,33.76654891,"lagerstroemia indica","crape myrtle",5.08
"usa","georgia","atlanta","2015",-84.39032902,33.76655778,"lagerstroemia indica","crape myrtle",7.62
"usa","georgia","atlanta","2015",-84.39029334,33.76655636,"lagerstroemia indica","crape myrtle",7.62
"usa","georgia","atlanta","2015",-84.39028321,33.76655602,"lagerstroemia indica","crape myrtle",5.08
"usa","georgia","atlanta","2015",-84.39028103,33.76656779,"lagerstroemia indica","crape myrtle",5.08
"usa","georgia","atlanta","2015",-84.38761847,33.76746002,"malus spp.","apple spp.",12.7
"usa","georgia","atlanta","2015",-84.38761839,33.76742946,"malus spp.","apple spp.",27.94
"usa","georgia","atlanta","2015",-84.39029162,33.76656445,"lagerstroemia indica","crape myrtle",5.08
"usa","georgia","atlanta","2015",-84.39030393,33.76656591,"lagerstroemia indica","crape myrtle",5.08
"usa","georgia","atlanta","2015",-84.39031009,33.76656884,"lagerstroemia indica","crape myrtle",5.08
"usa","georgia","atlanta","2015",-84.39031581,33.76656663,"lagerstroemia indica","crape myrtle",7.62
"usa","georgia","atlanta","2015",-84.39032815,33.76656696,"lagerstroemia indica","crape myrtle",7.62
"usa","georgia","atlanta","2015",-84.38771405,33.76743119,"quercus phellos","willow oak",22.86
"usa","georgia","atlanta","2015",-84.37662442,33.76755135,"lagerstroemia indica","crape myrtle",2.54
"usa","georgia","atlanta","2015",-84.39034403,33.76657466,"lagerstroemia indica","crape myrtle",5.08
"usa","georgia","atlanta","2015",-84.39034078,33.76660242,"lagerstroemia indica","crape myrtle",7.62
"usa","georgia","atlanta","2015",-84.39032272,33.76659069,"lagerstroemia indica","crape myrtle",5.08
"usa","georgia","atlanta","2015",-84.37566556,33.76760473,"koelreuteria paniculata","golden rain tree",2.54
"usa","georgia","atlanta","2015",-84.37464751,33.76681828,"cornus florida","flowering dogwood",2.54
"usa","georgia","atlanta","2015",-84.37466553,33.76678403,"cornus florida","flowering dogwood",2.54
"usa","georgia","atlanta","2015",-84.390313,33.76658777,"lagerstroemia indica","crape myrtle",5.08
"usa","georgia","atlanta","2015",-84.39031259,33.76659401,"lagerstroemia indica","crape myrtle",7.62
"usa","georgia","atlanta","2015",-84.39029937,33.76658301,"lagerstroemia indica","crape myrtle",7.62
"usa","georgia","atlanta","2015",-84.3902888,33.76658083,"lagerstroemia indica","crape myrtle",7.62
"usa","georgia","atlanta","2015",-84.39027737,33.76658783,"lagerstroemia indica","crape myrtle",5.08
"usa","georgia","atlanta","2015",-84.39028617,33.76659518,"lagerstroemia indica","crape myrtle",10.16
"usa","georgia","atlanta","2015",-84.39028535,33.7666084,"lagerstroemia indica","crape myrtle",5.08
"usa","georgia","atlanta","2015",-84.39029587,33.76659258,"lagerstroemia indica","crape myrtle",5.08
"usa","georgia","atlanta","2015",-84.39030867,33.76660542,"lagerstroemia indica","crape myrtle",10.16
"usa","georgia","atlanta","2015",-84.39030824,33.76661424,"lagerstroemia indica","crape myrtle",5.08
"usa","georgia","atlanta","2015",-84.39032012,33.76661496,"lagerstroemia indica","crape myrtle",7.62
"usa","georgia","atlanta","2015",-84.37475657,33.76658961,"cornus florida","flowering dogwood",2.54
"usa","georgia","atlanta","2015",-84.39033775,33.76661493,"lagerstroemia indica","crape myrtle",7.62
"usa","georgia","atlanta","2015",-84.390336,33.76662485,"lagerstroemia indica","crape myrtle",7.62
"usa","georgia","atlanta","2015",-84.39033294,33.76663552,"lagerstroemia indica","crape myrtle",7.62
"usa","georgia","atlanta","2015",-84.39031093,33.7666249,"lagerstroemia indica","crape myrtle",5.08
"usa","georgia","atlanta","2015",-84.39028229,33.76662239,"lagerstroemia indica","crape myrtle",5.08
"usa","georgia","atlanta","2015",-84.39029109,33.76662716,"lagerstroemia indica","crape myrtle",5.08
"usa","georgia","atlanta","2015",-84.39030035,33.76663338,"lagerstroemia indica","crape myrtle",7.62
"usa","georgia","atlanta","2015",-84.39032375,33.76664436,"lagerstroemia indica","crape myrtle",5.08
"usa","georgia","atlanta","2015",-84.39034399,33.76664839,"lagerstroemia indica","crape myrtle",7.62
"usa","georgia","atlanta","2015",-84.39033965,33.76667338,"lagerstroemia indica","crape myrtle",7.62
"usa","georgia","atlanta","2015",-84.39033837,33.76668627,"lagerstroemia indica","crape myrtle",7.62
"usa","georgia","atlanta","2015",-84.39027573,33.76664263,"lagerstroemia indica","crape myrtle",5.08
"usa","georgia","atlanta","2015",-84.39034575,33.76656435,"lagerstroemia indica","crape myrtle",2.54
"usa","georgia","atlanta","2015",-84.39031625,33.76655816,"lagerstroemia indica","crape myrtle",2.54
"usa","georgia","atlanta","2015",-84.3903048,33.7665567,"lagerstroemia indica","crape myrtle",2.54
"usa","georgia","atlanta","2015",-84.390285,33.76664996,"lagerstroemia indica","crape myrtle",10.16
"usa","georgia","atlanta","2015",-84.3902815,33.76665917,"lagerstroemia indica","crape myrtle",5.08
"usa","georgia","atlanta","2015",-84.39031718,33.76657396,"lagerstroemia indica","crape myrtle",2.54
"usa","georgia","atlanta","2015",-84.3903264,33.76657617,"lagerstroemia indica","crape myrtle",2.54
"usa","georgia","atlanta","2015",-84.39034275,33.76658606,"lagerstroemia indica","crape myrtle",2.54
"usa","georgia","atlanta","2015",-84.39033198,33.7665962,"lagerstroemia indica","crape myrtle",2.54
"usa","georgia","atlanta","2015",-84.39027135,33.76665182,"lagerstroemia indica","crape myrtle",5.08
"usa","georgia","atlanta","2015",-84.39026874,33.76666285,"lagerstroemia indica","crape myrtle",5.08
"usa","georgia","atlanta","2015",-84.39027758,33.76667168,"lagerstroemia indica","crape myrtle",5.08
"usa","georgia","atlanta","2015",-84.39028816,33.76667641,"lagerstroemia indica","crape myrtle",10.16
"usa","georgia","atlanta","2015",-84.39030315,33.76668375,"lagerstroemia indica","crape myrtle",5.08
"usa","georgia","atlanta","2015",-84.39029456,33.76660803,"lagerstroemia indica","crape myrtle",2.54
"usa","georgia","atlanta","2015",-84.39029966,33.76669478,"lagerstroemia indica","crape myrtle",7.62
"usa","georgia","atlanta","2015",-84.39028509,33.76668637,"lagerstroemia indica","crape myrtle",5.08
"usa","georgia","atlanta","2015",-84.39027363,33.76668161,"lagerstroemia indica","crape myrtle",10.16
"usa","georgia","atlanta","2015",-84.39026351,33.76667684,"lagerstroemia indica","crape myrtle",7.62
"usa","georgia","atlanta","2015",-84.39027145,33.76669228,"lagerstroemia indica","crape myrtle",10.16
"usa","georgia","atlanta","2015",-84.39032009,33.76660578,"lagerstroemia indica","crape myrtle",2.54
"usa","georgia","atlanta","2015",-84.39027985,33.76669482,"lagerstroemia indica","crape myrtle",7.62
"usa","georgia","atlanta","2015",-84.39029527,33.76670474,"lagerstroemia indica","crape myrtle",5.08
"usa","georgia","atlanta","2015",-84.39031026,33.76670801,"lagerstroemia indica","crape myrtle",7.62
"usa","georgia","atlanta","2015",-84.39031514,33.76672674,"lagerstroemia indica","crape myrtle",5.08
"usa","georgia","atlanta","2015",-84.39030545,33.76671904,"lagerstroemia indica","crape myrtle",5.08
"usa","georgia","atlanta","2015",-84.39029373,33.76661759,"lagerstroemia indica","crape myrtle",2.54
"usa","georgia","atlanta","2015",-84.39026977,33.76671506,"lagerstroemia indica","crape myrtle",7.62
"usa","georgia","atlanta","2015",-84.39026802,33.76672573,"lagerstroemia indica","crape myrtle",10.16
"usa","georgia","atlanta","2015",-84.37627365,33.77112392,"acer buergerianum","trident maple",20.32
"usa","georgia","atlanta","2015",-84.39027391,33.7666143,"lagerstroemia indica","crape myrtle",2.54
"usa","georgia","atlanta","2015",-84.39030128,33.76664773,"lagerstroemia indica","crape myrtle",2.54
"usa","georgia","atlanta","2015",-84.3902907,33.76663967,"lagerstroemia indica","crape myrtle",2.54
"usa","georgia","atlanta","2015",-84.39028209,33.76672166,"lagerstroemia indica","crape myrtle",5.08
"usa","georgia","atlanta","2015",-84.39031033,33.76673631,"lagerstroemia indica","crape myrtle",5.08
"usa","georgia","atlanta","2015",-84.39030815,33.76674772,"lagerstroemia indica","crape myrtle",10.16
"usa","georgia","atlanta","2015",-84.39032408,33.76677306,"lagerstroemia indica","crape myrtle",7.62
"usa","georgia","atlanta","2015",-84.39028011,33.76663122,"lagerstroemia indica","crape myrtle",2.54
"usa","georgia","atlanta","2015",-84.39029779,33.76665765,"lagerstroemia indica","crape myrtle",2.54
"usa","georgia","atlanta","2015",-84.39032366,33.76678925,"lagerstroemia indica","crape myrtle",5.08
"usa","georgia","atlanta","2015",-84.39030518,33.76679222,"lagerstroemia indica","crape myrtle",7.62
"usa","georgia","atlanta","2015",-84.39031577,33.76680506,"lagerstroemia indica","crape myrtle",5.08
"usa","georgia","atlanta","2015",-84.39031496,33.76682125,"lagerstroemia indica","crape myrtle",7.62
"usa","georgia","atlanta","2015",-84.39031365,33.76683634,"lagerstroemia indica","crape myrtle",7.62
"usa","georgia","atlanta","2015",-84.39031283,33.76685215,"lagerstroemia indica","crape myrtle",12.7
"usa","georgia","atlanta","2015",-84.39031597,33.76688083,"lagerstroemia indica","crape myrtle",5.08
"usa","georgia","atlanta","2015",-84.39033228,33.76688963,"lagerstroemia indica","crape myrtle",5.08
"usa","georgia","atlanta","2015",-84.3903169,33.76689515,"lagerstroemia indica","crape myrtle",7.62
"usa","georgia","atlanta","2015",-84.39033189,33.76690433,"lagerstroemia indica","crape myrtle",7.62
"usa","georgia","atlanta","2015",-84.39031694,33.7669106,"lagerstroemia indica","crape myrtle",5.08
"usa","georgia","atlanta","2015",-84.39030882,33.76666206,"lagerstroemia indica","crape myrtle",2.54
"usa","georgia","atlanta","2015",-84.39033192,33.76691683,"lagerstroemia indica","crape myrtle",10.16
"usa","georgia","atlanta","2015",-84.39030507,33.76695234,"lagerstroemia indica","crape myrtle",7.62
"usa","georgia","atlanta","2015",-84.39032691,33.76696444,"lagerstroemia indica","crape myrtle",5.08
"usa","georgia","atlanta","2015",-84.39031487,33.76699079,"lagerstroemia indica","crape myrtle",5.08
"usa","georgia","atlanta","2015",-84.39030533,33.76667273,"lagerstroemia indica","crape myrtle",2.54
"usa","georgia","atlanta","2015",-84.39029165,33.76666649,"lagerstroemia indica","crape myrtle",2.54
"usa","georgia","atlanta","2015",-84.39031014,33.76702928,"lagerstroemia indica","crape myrtle",5.08
"usa","georgia","atlanta","2015",-84.39032709,33.76703329,"lagerstroemia indica","crape myrtle",5.08
"usa","georgia","atlanta","2015",-84.39031259,33.76704749,"lagerstroemia indica","crape myrtle",7.62
"usa","georgia","atlanta","2015",-84.39031264,33.76706775,"lagerstroemia indica","crape myrtle",10.16
"usa","georgia","atlanta","2015",-84.39031725,33.76668887,"lagerstroemia indica","crape myrtle",2.54
"usa","georgia","atlanta","2015",-84.39026176,33.76668751,"lagerstroemia indica","crape myrtle",2.54
"usa","georgia","atlanta","2015",-84.39029331,33.76708801,"lagerstroemia indica","crape myrtle",5.08
"usa","georgia","atlanta","2015",-84.39033943,33.76711021,"lagerstroemia indica","crape myrtle",5.08
"usa","georgia","atlanta","2015",-84.39031765,33.7671224,"lagerstroemia indica","crape myrtle",10.16
"usa","georgia","atlanta","2015",-84.39029587,33.76713662,"lagerstroemia indica","crape myrtle",7.62
"usa","georgia","atlanta","2015",-84.39028957,33.76671393,"lagerstroemia indica","crape myrtle",2.54
"usa","georgia","atlanta","2015",-84.39027061,33.76669777,"lagerstroemia indica","crape myrtle",2.54
"usa","georgia","atlanta","2015",-84.39029349,33.76715688,"lagerstroemia indica","crape myrtle",7.62
"usa","georgia","atlanta","2015",-84.39029112,33.76718319,"lagerstroemia indica","crape myrtle",7.62
"usa","georgia","atlanta","2015",-84.39031296,33.76719125,"lagerstroemia indica","crape myrtle",5.08
"usa","georgia","atlanta","2015",-84.39032746,33.76717504,"lagerstroemia indica","crape myrtle",7.62
"usa","georgia","atlanta","2015",-84.39027369,33.76670549,"lagerstroemia indica","crape myrtle",2.54
"usa","georgia","atlanta","2015",-84.39027994,33.76673049,"lagerstroemia indica","crape myrtle",2.54
"usa","georgia","atlanta","2015",-84.39031794,33.76723579,"lagerstroemia indica","crape myrtle",7.62
"usa","georgia","atlanta","2015",-84.39030093,33.76722368,"lagerstroemia indica","crape myrtle",5.08
"usa","georgia","atlanta","2015",-84.39029118,33.76720547,"lagerstroemia indica","crape myrtle",5.08
"usa","georgia","atlanta","2015",-84.39028157,33.76724193,"lagerstroemia indica","crape myrtle",7.62
"usa","georgia","atlanta","2015",-84.39027435,33.76726423,"lagerstroemia indica","crape myrtle",7.62
"usa","georgia","atlanta","2015",-84.3903073,33.76676023,"lagerstroemia indica","crape myrtle",2.54
"usa","georgia","atlanta","2015",-84.39031556,33.76725605,"lagerstroemia indica","crape myrtle",7.62
"usa","georgia","atlanta","2015",-84.39031564,33.76728439,"lagerstroemia indica","crape myrtle",5.08
"usa","georgia","atlanta","2015",-84.3903374,33.76726412,"lagerstroemia indica","crape myrtle",7.62
"usa","georgia","atlanta","2015",-84.39031326,33.76730668,"lagerstroemia indica","crape myrtle",7.62
"usa","georgia","atlanta","2015",-84.39033989,33.76728638,"lagerstroemia indica","crape myrtle",7.62
"usa","georgia","atlanta","2015",-84.39034237,33.76731674,"lagerstroemia indica","crape myrtle",10.16
"usa","georgia","atlanta","2015",-84.39034006,33.76735118,"lagerstroemia indica","crape myrtle",5.08
"usa","georgia","atlanta","2015",-84.39032934,33.76741716,"lagerstroemia indica","crape myrtle",5.08
"usa","georgia","atlanta","2015",-84.39033164,33.76747926,"lagerstroemia indica","crape myrtle",5.08
"usa","georgia","atlanta","2015",-84.39033028,33.76750076,"lagerstroemia indica","crape myrtle",5.08
"usa","georgia","atlanta","2015",-84.39030645,33.76677568,"lagerstroemia indica","crape myrtle",2.54
"usa","georgia","atlanta","2015",-84.3903327,33.76687454,"lagerstroemia indica","crape myrtle",2.54
"usa","georgia","atlanta","2015",-84.39030527,33.76751094,"lagerstroemia indica","crape myrtle",5.08
"usa","georgia","atlanta","2015",-84.39030009,33.76744288,"lagerstroemia indica","crape myrtle",5.08
"usa","georgia","atlanta","2015",-84.39029548,33.76698476,"lagerstroemia indica","crape myrtle",2.54
"usa","georgia","atlanta","2015",-84.39029792,33.76700094,"lagerstroemia indica","crape myrtle",2.54
"usa","georgia","atlanta","2015",-84.39032958,33.76705354,"lagerstroemia indica","crape myrtle",2.54
"usa","georgia","atlanta","2015",-84.39030039,33.76701511,"lagerstroemia indica","crape myrtle",2.54
"usa","georgia","atlanta","2015",-84.39029932,33.76742557,"lagerstroemia indica","crape myrtle",5.08
"usa","georgia","atlanta","2015",-84.39029785,33.76740586,"lagerstroemia indica","crape myrtle",5.08
"usa","georgia","atlanta","2015",-84.3902794,33.76745784,"lagerstroemia indica","crape myrtle",5.08
"usa","georgia","atlanta","2015",-84.39028088,33.76747218,"lagerstroemia indica","crape myrtle",5.08
"usa","georgia","atlanta","2015",-84.39028092,33.76748829,"lagerstroemia indica","crape myrtle",5.08
"usa","georgia","atlanta","2015",-84.39028454,33.76751455,"lagerstroemia indica","crape myrtle",5.08
"usa","georgia","atlanta","2015",-84.39028605,33.76753607,"lagerstroemia indica","crape myrtle",5.08
"usa","georgia","atlanta","2015",-84.37290981,33.753808,"cercis canadensis","eastern redbud",2.54
"usa","georgia","atlanta","2015",-84.37297429,33.75380789,"cercis canadensis","eastern redbud",2.54
"usa","georgia","atlanta","2015",-84.37302467,33.75381118,"cercis canadensis","eastern redbud",2.54
"usa","georgia","atlanta","2015",-84.37307103,33.75381111,"cercis canadensis","eastern redbud",2.54
"usa","georgia","atlanta","2015",-84.37312546,33.75381775,"cercis canadensis","eastern redbud",2.54
"usa","georgia","atlanta","2015",-84.37336325,33.75382241,"cercis canadensis","eastern redbud",2.54
"usa","georgia","atlanta","2015",-84.37342774,33.75382398,"cercis canadensis","eastern redbud",2.54
"usa","georgia","atlanta","2015",-84.37350029,33.75382385,"cercis canadensis","eastern redbud",2.54
"usa","georgia","atlanta","2015",-84.37357285,33.75383047,"cercis canadensis","eastern redbud",2.54
"usa","georgia","atlanta","2015",-84.37363734,33.75383036,"cercis canadensis","eastern redbud",2.54
"usa","georgia","atlanta","2015",-84.39029607,33.76754441,"lagerstroemia indica","crape myrtle",5.08
"usa","georgia","atlanta","2015",-84.39028179,33.76755575,"lagerstroemia indica","crape myrtle",5.08
"usa","georgia","atlanta","2015",-84.39028115,33.76757428,"lagerstroemia indica","crape myrtle",5.08
"usa","georgia","atlanta","2015",-84.3902812,33.76759577,"lagerstroemia indica","crape myrtle",5.08
"usa","georgia","atlanta","2015",-84.39025692,33.76760956,"lagerstroemia indica","crape myrtle",5.08
"usa","georgia","atlanta","2015",-84.39025474,33.76759225,"lagerstroemia indica","crape myrtle",5.08
"usa","georgia","atlanta","2015",-84.39025106,33.76755702,"lagerstroemia indica","crape myrtle",5.08
"usa","georgia","atlanta","2015",-84.39031031,33.76709609,"lagerstroemia indica","crape myrtle",2.54
"usa","georgia","atlanta","2015",-84.39029094,33.76711434,"lagerstroemia indica","crape myrtle",2.54
"usa","georgia","atlanta","2015",-84.39031049,33.76716696,"lagerstroemia indica","crape myrtle",2.54
"usa","georgia","atlanta","2015",-84.39032272,33.76721149,"lagerstroemia indica","crape myrtle",2.54
"usa","georgia","atlanta","2015",-84.39024795,33.7674621,"lagerstroemia indica","crape myrtle",7.62
"usa","georgia","atlanta","2015",-84.39024992,33.76739881,"lagerstroemia indica","crape myrtle",5.08
"usa","georgia","atlanta","2015",-84.39023205,33.76739823,"lagerstroemia indica","crape myrtle",5.08
"usa","georgia","atlanta","2015",-84.39023855,33.76741493,"lagerstroemia indica","crape myrtle",7.62
"usa","georgia","atlanta","2015",-84.39021776,33.76739287,"lagerstroemia indica","crape myrtle",5.08
"usa","georgia","atlanta","2015",-84.39029862,33.76727026,"lagerstroemia indica","crape myrtle",2.54
"usa","georgia","atlanta","2015",-84.39021921,33.76740543,"lagerstroemia indica","crape myrtle",7.62
"usa","georgia","atlanta","2015",-84.39022641,33.7674293,"lagerstroemia indica","crape myrtle",7.62
"usa","georgia","atlanta","2015",-84.39022788,33.76743825,"lagerstroemia indica","crape myrtle",7.62
"usa","georgia","atlanta","2015",-84.39023146,33.76744899,"lagerstroemia indica","crape myrtle",5.08
"usa","georgia","atlanta","2015",-84.39023294,33.76746152,"lagerstroemia indica","crape myrtle",7.62
"usa","georgia","atlanta","2015",-84.39030609,33.76734517,"lagerstroemia indica","crape myrtle",2.54
"usa","georgia","atlanta","2015",-84.39023298,33.76747584,"lagerstroemia indica","crape myrtle",5.08
"usa","georgia","atlanta","2015",-84.39023301,33.76748958,"lagerstroemia indica","crape myrtle",5.08
"usa","georgia","atlanta","2015",-84.39033143,33.76739866,"lagerstroemia indica","crape myrtle",2.54
"usa","georgia","atlanta","2015",-84.39030531,33.76752947,"lagerstroemia indica","crape myrtle",2.54
"usa","georgia","atlanta","2015",-84.39030309,33.76749721,"lagerstroemia indica","crape myrtle",2.54
"usa","georgia","atlanta","2015",-84.39030305,33.76747989,"lagerstroemia indica","crape myrtle",2.54
"usa","georgia","atlanta","2015",-84.39024465,33.76757195,"lagerstroemia indica","crape myrtle",5.08
"usa","georgia","atlanta","2015",-84.39024113,33.7675851,"lagerstroemia indica","crape myrtle",5.08
"usa","georgia","atlanta","2015",-84.39024116,33.76759942,"lagerstroemia indica","crape myrtle",5.08
"usa","georgia","atlanta","2015",-84.39024047,33.76761255,"lagerstroemia indica","crape myrtle",5.08
"usa","georgia","atlanta","2015",-84.39024123,33.76762451,"lagerstroemia indica","crape myrtle",5.08
"usa","georgia","atlanta","2015",-84.39022264,33.76762454,"lagerstroemia indica","crape myrtle",5.08
"usa","georgia","atlanta","2015",-84.39022475,33.76761319,"lagerstroemia indica","crape myrtle",5.08
"usa","georgia","atlanta","2015",-84.39022543,33.76759826,"lagerstroemia indica","crape myrtle",5.08
"usa","georgia","atlanta","2015",-84.39022394,33.76758274,"lagerstroemia indica","crape myrtle",5.08
"usa","georgia","atlanta","2015",-84.39022608,33.76756899,"lagerstroemia indica","crape myrtle",5.08
"usa","georgia","atlanta","2015",-84.39022604,33.76755349,"lagerstroemia indica","crape myrtle",5.08
"usa","georgia","atlanta","2015",-84.39022527,33.76753497,"lagerstroemia indica","crape myrtle",7.62
"usa","georgia","atlanta","2015",-84.39022522,33.76751705,"lagerstroemia indica","crape myrtle",5.08
"usa","georgia","atlanta","2015",-84.39022304,33.76750095,"lagerstroemia indica","crape myrtle",5.08
"usa","georgia","atlanta","2015",-84.39021655,33.76748544,"lagerstroemia indica","crape myrtle",7.62
"usa","georgia","atlanta","2015",-84.39021865,33.76747051,"lagerstroemia indica","crape myrtle",5.08
"usa","georgia","atlanta","2015",-84.39021575,33.76745438,"lagerstroemia indica","crape myrtle",5.08
"usa","georgia","atlanta","2015",-84.39021429,33.76743946,"lagerstroemia indica","crape myrtle",7.62
"usa","georgia","atlanta","2015",-84.39020925,33.76742276,"lagerstroemia indica","crape myrtle",5.08
"usa","georgia","atlanta","2015",-84.3901963,33.76738994,"lagerstroemia indica","crape myrtle",10.16
"usa","georgia","atlanta","2015",-84.39018701,33.76740189,"lagerstroemia indica","crape myrtle",7.62
"usa","georgia","atlanta","2015",-84.39019064,33.76741562,"lagerstroemia indica","crape myrtle",5.08
"usa","georgia","atlanta","2015",-84.39019784,33.76744128,"lagerstroemia indica","crape myrtle",5.08
"usa","georgia","atlanta","2015",-84.39030158,33.7674584,"lagerstroemia indica","crape myrtle",2.54
"usa","georgia","atlanta","2015",-84.39020006,33.76745919,"lagerstroemia indica","crape myrtle",5.08
"usa","georgia","atlanta","2015",-84.39020293,33.76747471,"lagerstroemia indica","crape myrtle",5.08
"usa","georgia","atlanta","2015",-84.39020527,33.76754039,"lagerstroemia indica","crape myrtle",5.08
"usa","georgia","atlanta","2015",-84.390251,33.76753671,"lagerstroemia indica","crape myrtle",2.54
"usa","georgia","atlanta","2015",-84.39025021,33.76750805,"lagerstroemia indica","crape myrtle",2.54
"usa","georgia","atlanta","2015",-84.39024947,33.76749016,"lagerstroemia indica","crape myrtle",2.54
"usa","georgia","atlanta","2015",-84.39021258,33.76760186,"lagerstroemia indica","crape myrtle",5.08
"usa","georgia","atlanta","2015",-84.39024726,33.76747463,"lagerstroemia indica","crape myrtle",2.54
"usa","georgia","atlanta","2015",-84.39024934,33.76744239,"lagerstroemia indica","crape myrtle",2.54
"usa","georgia","atlanta","2015",-84.39022068,33.76741557,"lagerstroemia indica","crape myrtle",2.54
"usa","georgia","atlanta","2015",-84.39023879,33.76750689,"lagerstroemia indica","crape myrtle",2.54
"usa","georgia","atlanta","2015",-84.39024238,33.76752301,"lagerstroemia indica","crape myrtle",2.54
"usa","georgia","atlanta","2015",-84.39020833,33.76762575,"lagerstroemia indica","crape myrtle",5.08
"usa","georgia","atlanta","2015",-84.39019118,33.7676246,"lagerstroemia indica","crape myrtle",5.08
"usa","georgia","atlanta","2015",-84.39018901,33.76761207,"lagerstroemia indica","crape myrtle",5.08
"usa","georgia","atlanta","2015",-84.39018897,33.76759594,"lagerstroemia indica","crape myrtle",5.08
"usa","georgia","atlanta","2015",-84.39019101,33.76755773,"lagerstroemia indica","crape myrtle",5.08
"usa","georgia","atlanta","2015",-84.39024175,33.7675445,"lagerstroemia indica","crape myrtle",2.54
"usa","georgia","atlanta","2015",-84.39019238,33.76753025,"lagerstroemia indica","crape myrtle",7.62
"usa","georgia","atlanta","2015",-84.39018948,33.76751473,"lagerstroemia indica","crape myrtle",10.16
"usa","georgia","atlanta","2015",-84.3901894,33.76748488,"lagerstroemia indica","crape myrtle",5.08
"usa","georgia","atlanta","2015",-84.39018574,33.76745683,"lagerstroemia indica","crape myrtle",5.08
"usa","georgia","atlanta","2015",-84.39024179,33.76756003,"lagerstroemia indica","crape myrtle",2.54
"usa","georgia","atlanta","2015",-84.39020493,33.76740842,"lagerstroemia indica","crape myrtle",2.54
"usa","georgia","atlanta","2015",-84.39018212,33.76744191,"lagerstroemia indica","crape myrtle",5.08
"usa","georgia","atlanta","2015",-84.39018067,33.76742938,"lagerstroemia indica","crape myrtle",7.62
"usa","georgia","atlanta","2015",-84.39017704,33.76741147,"lagerstroemia indica","crape myrtle",5.08
"usa","georgia","atlanta","2015",-84.39017699,33.76739416,"lagerstroemia indica","crape myrtle",7.62
"usa","georgia","atlanta","2015",-84.39016413,33.76739596,"lagerstroemia indica","crape myrtle",10.16
"usa","georgia","atlanta","2015",-84.39016274,33.76740732,"lagerstroemia indica","crape myrtle",5.08
"usa","georgia","atlanta","2015",-84.39016352,33.76742702,"lagerstroemia indica","crape myrtle",7.62
"usa","georgia","atlanta","2015",-84.39016782,33.76743537,"lagerstroemia indica","crape myrtle",7.62
"usa","georgia","atlanta","2015",-84.39017213,33.7674485,"lagerstroemia indica","crape myrtle",7.62
"usa","georgia","atlanta","2015",-84.39017656,33.76749268,"lagerstroemia indica","crape myrtle",5.08
"usa","georgia","atlanta","2015",-84.39020297,33.76749082,"lagerstroemia indica","crape myrtle",2.54
"usa","georgia","atlanta","2015",-84.39020589,33.76751291,"lagerstroemia indica","crape myrtle",2.54
"usa","georgia","atlanta","2015",-84.39017664,33.76752549,"lagerstroemia indica","crape myrtle",5.08
"usa","georgia","atlanta","2015",-84.3901781,33.76754223,"lagerstroemia indica","crape myrtle",5.08
"usa","georgia","atlanta","2015",-84.3901753,33.76756551,"lagerstroemia indica","crape myrtle",5.08
"usa","georgia","atlanta","2015",-84.39017681,33.76759,"lagerstroemia indica","crape myrtle",5.08
"usa","georgia","atlanta","2015",-84.39017683,33.76760014,"lagerstroemia indica","crape myrtle",5.08
"usa","georgia","atlanta","2015",-84.39020745,33.76755471,"lagerstroemia indica","crape myrtle",2.54
"usa","georgia","atlanta","2015",-84.39017756,33.76761448,"lagerstroemia indica","crape myrtle",5.08
"usa","georgia","atlanta","2015",-84.39016247,33.76758106,"lagerstroemia indica","crape myrtle",5.08
"usa","georgia","atlanta","2015",-84.39016094,33.76753808,"lagerstroemia indica","crape myrtle",7.62
"usa","georgia","atlanta","2015",-84.39015944,33.76751538,"lagerstroemia indica","crape myrtle",7.62
"usa","georgia","atlanta","2015",-84.39020749,33.76757024,"lagerstroemia indica","crape myrtle",2.54
"usa","georgia","atlanta","2015",-84.39020821,33.76758037,"lagerstroemia indica","crape myrtle",2.54
"usa","georgia","atlanta","2015",-84.39015939,33.76749868,"lagerstroemia indica","crape myrtle",5.08
"usa","georgia","atlanta","2015",-84.39015932,33.76746883,"lagerstroemia indica","crape myrtle",5.08
"usa","georgia","atlanta","2015",-84.39015786,33.7674521,"lagerstroemia indica","crape myrtle",5.08
"usa","georgia","atlanta","2015",-84.39015058,33.76741091,"lagerstroemia indica","crape myrtle",10.16
"usa","georgia","atlanta","2015",-84.39020896,33.76759172,"lagerstroemia indica","crape myrtle",2.54
"usa","georgia","atlanta","2015",-84.39021188,33.76761321,"lagerstroemia indica","crape myrtle",2.54
"usa","georgia","atlanta","2015",-84.39014279,33.76743899,"lagerstroemia indica","crape myrtle",5.08
"usa","georgia","atlanta","2015",-84.39014354,33.76745152,"lagerstroemia indica","crape myrtle",7.62
"usa","georgia","atlanta","2015",-84.39014572,33.76746704,"lagerstroemia indica","crape myrtle",5.08
"usa","georgia","atlanta","2015",-84.39014221,33.76748257,"lagerstroemia indica","crape myrtle",5.08
"usa","georgia","atlanta","2015",-84.39020188,33.76761383,"lagerstroemia indica","crape myrtle",2.54
"usa","georgia","atlanta","2015",-84.39019106,33.76757922,"lagerstroemia indica","crape myrtle",2.54
"usa","georgia","atlanta","2015",-84.39014514,33.76751063,"lagerstroemia indica","crape myrtle",7.62
"usa","georgia","atlanta","2015",-84.39014376,33.76753394,"lagerstroemia indica","crape myrtle",7.62
"usa","georgia","atlanta","2015",-84.390146,33.76757392,"lagerstroemia indica","crape myrtle",5.08
"usa","georgia","atlanta","2015",-84.39014678,33.76759722,"lagerstroemia indica","crape myrtle",5.08
"usa","georgia","atlanta","2015",-84.3901303,33.76758708,"lagerstroemia indica","crape myrtle",5.08
"usa","georgia","atlanta","2015",-84.39018944,33.76749923,"lagerstroemia indica","crape myrtle",2.54
"usa","georgia","atlanta","2015",-84.3901317,33.76756559,"lagerstroemia indica","crape myrtle",5.08
"usa","georgia","atlanta","2015",-84.37370383,33.75383192,"cercis canadensis","eastern redbud",2.54
"usa","georgia","atlanta","2015",-84.37377033,33.75383181,"cercis canadensis","eastern redbud",2.54
"usa","georgia","atlanta","2015",-84.37397186,33.75383821,"cercis canadensis","eastern redbud",2.54
"usa","georgia","atlanta","2015",-84.37419471,33.75967267,"nyssa sylvatica","black tupelo",2.54
"usa","georgia","atlanta","2015",-84.37418986,33.75977653,"nyssa sylvatica","black tupelo",2.54
"usa","georgia","atlanta","2015",-84.37407328,33.75982971,"melia azedarach","chinaberry",2.54
"usa","georgia","atlanta","2015",-84.37595658,33.75260232,"ginkgo biloba","maidenhair tree",2.54
"usa","georgia","atlanta","2015",-84.37597395,33.75273698,"quercus falcata","southern red oak",2.54
"usa","georgia","atlanta","2015",-84.3759835,33.75283541,"ginkgo biloba","maidenhair tree",2.54
"usa","georgia","atlanta","2015",-84.37586237,33.75373171,"ulmus pumila","siberian elm",2.54
"usa","georgia","atlanta","2015",-84.37836329,33.73475237,"ginkgo biloba","maidenhair tree",2.54
"usa","georgia","atlanta","2015",-84.37081826,33.75073208,"juniperus silicicola","southern redcedar",2.54
"usa","georgia","atlanta","2015",-84.37802131,33.7337519,"cercis canadensis","eastern redbud",2.54
"usa","georgia","atlanta","2015",-84.37793148,33.73375206,"cercis canadensis","eastern redbud",2.54
"usa","georgia","atlanta","2015",-84.37707391,33.7337228,"albizia julibrissin","persian silk tree",2.54
"usa","georgia","atlanta","2015",-84.392633,33.75253918,"lagerstroemia indica","crape myrtle",2.54
"usa","georgia","atlanta","2015",-84.39262021,33.75255602,"lagerstroemia indica","crape myrtle",2.54
"usa","georgia","atlanta","2015",-84.39260742,33.75257289,"lagerstroemia indica","crape myrtle",2.54
"usa","georgia","atlanta","2015",-84.38533046,33.73465539,"pyrus calleryana","callery pear",2.54
"usa","georgia","atlanta","2015",-84.38487776,33.73436619,"cercis canadensis","eastern redbud",2.54
"usa","georgia","atlanta","2015",-84.39013165,33.76754709,"lagerstroemia indica","crape myrtle",5.08
"usa","georgia","atlanta","2015",-84.39013156,33.76751304,"lagerstroemia indica","crape myrtle",5.08
"usa","georgia","atlanta","2015",-84.39018792,33.76747114,"lagerstroemia indica","crape myrtle",2.54
"usa","georgia","atlanta","2015",-84.39017431,33.76746342,"lagerstroemia indica","crape myrtle",2.54
"usa","georgia","atlanta","2015",-84.39017652,33.76747715,"lagerstroemia indica","crape myrtle",2.54
"usa","georgia","atlanta","2015",-84.39013209,33.76743782,"lagerstroemia indica","crape myrtle",7.62
"usa","georgia","atlanta","2015",-84.39012498,33.76746172,"lagerstroemia indica","crape myrtle",10.16
"usa","georgia","atlanta","2015",-84.39011284,33.76746292,"lagerstroemia indica","crape myrtle",5.08
"usa","georgia","atlanta","2015",-84.3901122,33.76749755,"lagerstroemia indica","crape myrtle",5.08
